,fragment center (aa),peak region first fragment center (aa),peak region last fragment center (aa),peak_fragment_score,gene,fragment ID,fragment start (aa),fragment end (aa),fragment length (aa),E = inhibitory effect (enrichment),sem(E),hydrophobicity_KyteDoolittle_classifier,instabIndex_Guruprasad_classifier,charge_Lehninger_classifier,frag_contains_alphaHelix,frag_contains_betaStrand,frag_contains_Turn,frag_centroid_fractional_position_classifier,inhib_effect_cutoff
0,40.5,40.5,40.5,-2.387241046,EGFP-coding-pEGFP,EGFP-coding-pEGFP_76_165_+,26,55,30,-2.387241046,0.51218827,hydrophilic,stable,positive,1.0,1.0,0.0,N-terminal,-2.1236344686193944
1,58.5,53.5,58.5,-2.527368149,EGFP-coding-pEGFP,EGFP-coding-pEGFP_130_219_+,44,73,30,-2.527368149,0.269506379,hydrophobic,stable,positive,1.0,1.0,1.0,N-terminal,-2.1236344686193944
2,148.5,148.5,154.5,-2.959939028,EGFP-coding-pEGFP,EGFP-coding-pEGFP_400_489_+,134,163,30,-2.959939028,0.433317956,hydrophilic,stable,positive,0.0,1.0,1.0,central,-2.1236344686193944
3,16.5,15.5,17.5,-5.935952459,folA-coding-EcoliBL21DE3,folA-coding-EcoliBL21DE3_4_93_+,2,31,30,-5.935952459,0.457483437,hydrophobic,stable,negative,1.0,1.0,1.0,N-terminal,-2.7808447938145804
4,32.5,32.5,32.5,-3.076844673,folA-coding-EcoliBL21DE3,folA-coding-EcoliBL21DE3_52_141_+,18,47,30,-3.076844673,1.07540247,hydrophilic,unstable,positive,1.0,1.0,1.0,N-terminal,-2.7808447938145804
5,72.5,70.5,72.5,-3.15529858,folA-coding-EcoliBL21DE3,folA-coding-EcoliBL21DE3_172_261_+,58,87,30,-3.15529858,1.42739479,hydrophilic,unstable,negative,1.0,1.0,0.0,central,-2.7808447938145804
6,90.5,88.5,90.5,-3.180807908,folA-coding-EcoliBL21DE3,folA-coding-EcoliBL21DE3_226_315_+,76,105,30,-3.180807908,0.439261438,hydrophobic,unstable,negative,1.0,1.0,0.0,central,-2.7808447938145804
7,101.5,101.5,101.5,-2.920198039,folA-coding-EcoliBL21DE3,folA-coding-EcoliBL21DE3_259_348_+,87,116,30,-2.920198039,1.263916971,hydrophilic,unstable,neutral,1.0,1.0,0.0,central,-2.7808447938145804
8,125.5,111.5,125.5,-5.570581694,folA-coding-EcoliBL21DE3,folA-coding-EcoliBL21DE3_331_420_+,111,140,30,-5.570581694,0.854611446,hydrophilic,stable,negative,1.0,1.0,0.0,C-terminal,-2.7808447938145804
9,142.5,139.5,142.5,-4.365602275,folA-coding-EcoliBL21DE3,folA-coding-EcoliBL21DE3_382_471_+,128,157,30,-4.365602275,1.292585473,hydrophilic,stable,negative,1.0,1.0,0.0,C-terminal,-2.7808447938145804
10,26.5,26.5,26.5,-2.527030596,ftsZ-coding-EcoliBL21DE3,ftsZ-coding-EcoliBL21DE3_34_123_+,12,41,30,-2.527030596,0.350486124,hydrophobic,stable,neutral,1.0,1.0,0.0,N-terminal,-2.289214676523404
11,130.5,130.5,135.5,-4.585131778,ftsZ-coding-EcoliBL21DE3,ftsZ-coding-EcoliBL21DE3_346_435_+,116,145,30,-4.585131778,1.284617302,hydrophobic,stable,positive,1.0,1.0,0.0,central,-2.289214676523404
12,174.5,163.5,186.5,-9.531837596,ftsZ-coding-EcoliBL21DE3,ftsZ-coding-EcoliBL21DE3_478_567_+,160,189,30,-9.531837596,1.005945636,hydrophobic,stable,neutral,1.0,1.0,0.0,central,-2.289214676523404
13,190.5,187.5,210.5,-5.988661309,ftsZ-coding-EcoliBL21DE3,ftsZ-coding-EcoliBL21DE3_526_615_+,176,205,30,-5.988661309,1.474586826,hydrophobic,stable,neutral,1.0,0.0,0.0,central,-2.289214676523404
14,213.5,211.5,214.5,-5.157779894,ftsZ-coding-EcoliBL21DE3,ftsZ-coding-EcoliBL21DE3_595_684_+,199,228,30,-5.157779894,1.209351801,hydrophobic,stable,negative,1.0,1.0,0.0,central,-2.289214676523404
15,272.5,257.5,276.5,-8.707760648,ftsZ-coding-EcoliBL21DE3,ftsZ-coding-EcoliBL21DE3_772_861_+,258,287,30,-8.707760648,1.176844582,hydrophobic,stable,neutral,1.0,1.0,0.0,C-terminal,-2.289214676523404
16,367.5,366.5,367.5,-3.48437817,ftsZ-coding-EcoliBL21DE3,ftsZ-coding-EcoliBL21DE3_1057_1146_+,353,382,30,-3.48437817,0.3710922,hydrophilic,unstable,neutral,1.0,0.0,0.0,C-terminal,-2.289214676523404
17,17.5,17.5,17.5,-2.54769787,groL-coding-EcoliBL21DE3,groL-coding-EcoliBL21DE3_7_96_+,3,32,30,-2.54769787,0.369747026,hydrophobic,stable,positive,1.0,1.0,0.0,N-terminal,-2.432870333400919
18,175.5,175.5,175.5,-4.088084346,groL-coding-EcoliBL21DE3,groL-coding-EcoliBL21DE3_481_570_+,161,190,30,-4.088084346,1.717736979,hydrophobic,stable,negative,1.0,1.0,0.0,N-terminal,-2.432870333400919
19,185.5,185.5,185.5,-2.887016188,groL-coding-EcoliBL21DE3,groL-coding-EcoliBL21DE3_511_600_+,171,200,30,-2.887016188,0.595799031,hydrophilic,stable,negative,0.0,1.0,0.0,central,-2.432870333400919
20,243.5,242.5,244.5,-4.7610669,groL-coding-EcoliBL21DE3,groL-coding-EcoliBL21DE3_685_774_+,229,258,30,-4.7610669,0.752398752,hydrophobic,stable,negative,1.0,1.0,0.0,central,-2.432870333400919
21,260.5,255.5,260.5,-4.214660035,groL-coding-EcoliBL21DE3,groL-coding-EcoliBL21DE3_736_825_+,246,275,30,-4.214660035,1.072759241,hydrophobic,stable,negative,1.0,1.0,0.0,central,-2.432870333400919
22,26.5,26.5,26.5,-3.382958579,gyrA-coding-EcoliBL21DE3,gyrA-coding-EcoliBL21DE3_34_123_+,12,41,30,-3.382958579,0.571097347,hydrophilic,unstable,negative,0.0,0.0,1.0,N-terminal,-2.6457549513508107
23,89.5,88.5,102.5,-4.936210132,gyrA-coding-EcoliBL21DE3,gyrA-coding-EcoliBL21DE3_223_312_+,75,104,30,-4.936210132,1.92620772,hydrophilic,unstable,neutral,1.0,1.0,1.0,N-terminal,-2.6457549513508107
24,137.5,126.5,138.5,-7.568134202,gyrA-coding-EcoliBL21DE3,gyrA-coding-EcoliBL21DE3_367_456_+,123,152,30,-7.568134202,1.041434167,hydrophilic,stable,negative,1.0,1.0,1.0,N-terminal,-2.6457549513508107
25,147.5,147.5,147.5,-3.761819502,gyrA-coding-EcoliBL21DE3,gyrA-coding-EcoliBL21DE3_397_486_+,133,162,30,-3.761819502,1.667332121,hydrophilic,stable,negative,1.0,1.0,1.0,N-terminal,-2.6457549513508107
26,183.5,183.5,196.5,-3.930910737,gyrA-coding-EcoliBL21DE3,gyrA-coding-EcoliBL21DE3_505_594_+,169,198,30,-3.930910737,0.520997437,hydrophobic,unstable,neutral,1.0,1.0,0.0,N-terminal,-2.6457549513508107
27,270.5,270.5,270.5,-3.997068648,gyrA-coding-EcoliBL21DE3,gyrA-coding-EcoliBL21DE3_766_855_+,256,285,30,-3.997068648,1.628881929,hydrophilic,stable,positive,1.0,1.0,1.0,N-terminal,-2.6457549513508107
28,340.5,332.5,352.5,-7.981453306,gyrA-coding-EcoliBL21DE3,gyrA-coding-EcoliBL21DE3_976_1065_+,326,355,30,-7.981453306,0.728334869,hydrophobic,stable,positive,1.0,1.0,0.0,central,-2.6457549513508107
29,375.5,356.5,379.5,-7.590923685,gyrA-coding-EcoliBL21DE3,gyrA-coding-EcoliBL21DE3_1081_1170_+,361,390,30,-7.590923685,0.34751587,hydrophobic,unstable,positive,1.0,0.0,0.0,central,-2.6457549513508107
30,382.5,380.5,391.5,-10.009783,gyrA-coding-EcoliBL21DE3,gyrA-coding-EcoliBL21DE3_1102_1191_+,368,397,30,-10.009783,0.43904933,hydrophobic,unstable,neutral,1.0,0.0,0.0,central,-2.6457549513508107
31,489.5,468.5,491.5,-9.139436841,gyrA-coding-EcoliBL21DE3,gyrA-coding-EcoliBL21DE3_1423_1512_+,475,504,30,-9.139436841,0.449174063,hydrophilic,stable,negative,1.0,0.0,0.0,central,-2.6457549513508107
32,492.5,492.5,502.5,-9.858856226,gyrA-coding-EcoliBL21DE3,gyrA-coding-EcoliBL21DE3_1432_1521_+,478,507,30,-9.858856226,0.549084121,hydrophilic,stable,negative,1.0,0.0,0.0,central,-2.6457549513508107
33,669.5,669.5,673.5,-3.00968631,gyrA-coding-EcoliBL21DE3,gyrA-coding-EcoliBL21DE3_1963_2052_+,655,684,30,-3.00968631,0.448978235,hydrophobic,stable,positive,1.0,1.0,0.0,C-terminal,-2.6457549513508107
34,783.5,783.5,783.5,-3.352384571,gyrA-coding-EcoliBL21DE3,gyrA-coding-EcoliBL21DE3_2305_2394_+,769,798,30,-3.352384571,1.742464411,hydrophobic,stable,negative,0.0,1.0,1.0,C-terminal,-2.6457549513508107
35,43.5,43.5,45.5,-2.903741564,ileS-coding-EcoliBL21DE3,ileS-coding-EcoliBL21DE3_85_174_+,29,58,30,-2.903741564,0.903592239,hydrophilic,stable,positive,,,,N-terminal,-2.5948982045991924
36,82.5,73.5,82.5,-3.579070964,ileS-coding-EcoliBL21DE3,ileS-coding-EcoliBL21DE3_202_291_+,68,97,30,-3.579070964,2.166188205,hydrophilic,unstable,positive,,,,N-terminal,-2.5948982045991924
37,135.5,135.5,135.5,-3.415378524,ileS-coding-EcoliBL21DE3,ileS-coding-EcoliBL21DE3_361_450_+,121,150,30,-3.415378524,0.814271091,hydrophilic,stable,neutral,,,,N-terminal,-2.5948982045991924
38,144.5,144.5,144.5,-3.210699222,ileS-coding-EcoliBL21DE3,ileS-coding-EcoliBL21DE3_388_477_+,130,159,30,-3.210699222,0.488164315,hydrophilic,stable,neutral,,,,N-terminal,-2.5948982045991924
39,151.5,151.5,151.5,-4.09723335,ileS-coding-EcoliBL21DE3,ileS-coding-EcoliBL21DE3_409_498_+,137,166,30,-4.09723335,1.746381767,hydrophilic,stable,neutral,,,,N-terminal,-2.5948982045991924
40,163.5,161.5,163.5,-4.494120669,ileS-coding-EcoliBL21DE3,ileS-coding-EcoliBL21DE3_445_534_+,149,178,30,-4.494120669,1.112046184,hydrophilic,stable,neutral,,,,N-terminal,-2.5948982045991924
41,180.5,174.5,180.5,-4.171115727,ileS-coding-EcoliBL21DE3,ileS-coding-EcoliBL21DE3_496_585_+,166,195,30,-4.171115727,1.117730781,hydrophobic,stable,positive,,,,N-terminal,-2.5948982045991924
42,248.5,248.5,249.5,-3.609111007,ileS-coding-EcoliBL21DE3,ileS-coding-EcoliBL21DE3_700_789_+,234,263,30,-3.609111007,0.624097846,hydrophobic,stable,negative,,,,N-terminal,-2.5948982045991924
43,267.5,267.5,267.5,-2.8603288,ileS-coding-EcoliBL21DE3,ileS-coding-EcoliBL21DE3_757_846_+,253,282,30,-2.8603288,0.737954357,hydrophobic,stable,negative,,,,N-terminal,-2.5948982045991924
44,280.5,275.5,280.5,-3.138745774,ileS-coding-EcoliBL21DE3,ileS-coding-EcoliBL21DE3_796_885_+,266,295,30,-3.138745774,0.496241745,hydrophobic,stable,negative,,,,N-terminal,-2.5948982045991924
45,288.5,288.5,288.5,-3.207273591,ileS-coding-EcoliBL21DE3,ileS-coding-EcoliBL21DE3_820_909_+,274,303,30,-3.207273591,1.4847369,hydrophobic,stable,negative,,,,N-terminal,-2.5948982045991924
46,304.5,298.5,310.5,-6.60011257,ileS-coding-EcoliBL21DE3,ileS-coding-EcoliBL21DE3_868_957_+,290,319,30,-6.60011257,1.812780089,hydrophobic,unstable,neutral,,,,N-terminal,-2.5948982045991924
47,318.5,318.5,318.5,-2.907886722,ileS-coding-EcoliBL21DE3,ileS-coding-EcoliBL21DE3_910_999_+,304,333,30,-2.907886722,0.929966573,hydrophobic,stable,negative,,,,central,-2.5948982045991924
48,410.5,400.5,419.5,-6.680654214,ileS-coding-EcoliBL21DE3,ileS-coding-EcoliBL21DE3_1186_1275_+,396,425,30,-6.680654214,1.47416245,hydrophilic,unstable,positive,,,,central,-2.5948982045991924
49,502.5,502.5,502.5,-2.655174115,ileS-coding-EcoliBL21DE3,ileS-coding-EcoliBL21DE3_1462_1551_+,488,517,30,-2.655174115,0.163550391,hydrophilic,stable,negative,,,,central,-2.5948982045991924
50,511.5,511.5,511.5,-3.128279025,ileS-coding-EcoliBL21DE3,ileS-coding-EcoliBL21DE3_1489_1578_+,497,526,30,-3.128279025,0.639837049,hydrophilic,stable,negative,,,,central,-2.5948982045991924
51,622.5,616.5,633.5,-5.809757026,ileS-coding-EcoliBL21DE3,ileS-coding-EcoliBL21DE3_1822_1911_+,608,637,30,-5.809757026,1.886592001,hydrophilic,unstable,negative,,,,central,-2.5948982045991924
52,654.5,651.5,659.5,-8.576168456,ileS-coding-EcoliBL21DE3,ileS-coding-EcoliBL21DE3_1918_2007_+,640,669,30,-8.576168456,0.755951772,hydrophilic,unstable,positive,,,,C-terminal,-2.5948982045991924
53,666.5,666.5,669.5,-4.649071341,ileS-coding-EcoliBL21DE3,ileS-coding-EcoliBL21DE3_1954_2043_+,652,681,30,-4.649071341,1.516781175,hydrophilic,unstable,positive,,,,C-terminal,-2.5948982045991924
54,716.5,701.5,724.5,-9.252079668,ileS-coding-EcoliBL21DE3,ileS-coding-EcoliBL21DE3_2104_2193_+,702,731,30,-9.252079668,0.338205307,hydrophobic,stable,negative,,,,C-terminal,-2.5948982045991924
55,725.5,725.5,728.5,-4.189921436,ileS-coding-EcoliBL21DE3,ileS-coding-EcoliBL21DE3_2131_2220_+,711,740,30,-4.189921436,1.269082666,hydrophobic,stable,positive,,,,C-terminal,-2.5948982045991924
56,763.5,745.5,767.5,-10.29638387,ileS-coding-EcoliBL21DE3,ileS-coding-EcoliBL21DE3_2245_2334_+,749,778,30,-10.29638387,0.665419436,hydrophobic,unstable,negative,,,,C-terminal,-2.5948982045991924
57,805.5,783.5,805.5,-4.281344822,ileS-coding-EcoliBL21DE3,ileS-coding-EcoliBL21DE3_2371_2460_+,791,820,30,-4.281344822,1.942427427,hydrophilic,stable,negative,,,,C-terminal,-2.5948982045991924
58,861.5,861.5,861.5,-3.02612305,ileS-coding-EcoliBL21DE3,ileS-coding-EcoliBL21DE3_2539_2628_+,847,876,30,-3.02612305,0.380905634,hydrophobic,stable,negative,,,,C-terminal,-2.5948982045991924
59,914.5,914.5,914.5,-2.680166756,ileS-coding-EcoliBL21DE3,ileS-coding-EcoliBL21DE3_2698_2787_+,900,929,30,-2.680166756,0.582378284,hydrophilic,stable,neutral,,,,C-terminal,-2.5948982045991924
60,20.5,17.5,22.5,-2.493122198,lptG-coding-EcoliBL21DE3,lptG-coding-EcoliBL21DE3_40_81_+,14,27,14,-2.493122198,0.168188471,hydrophobic,stable,neutral,1.0,0.0,0.0,N-terminal,-0.9830803783942718
61,76.5,72.5,76.5,-1.848645999,lptG-coding-EcoliBL21DE3,lptG-coding-EcoliBL21DE3_208_249_+,70,83,14,-1.848645999,0.072843993,hydrophobic,stable,neutral,1.0,0.0,0.0,N-terminal,-0.9830803783942718
62,291.5,288.5,293.5,-2.973516571,lptG-coding-EcoliBL21DE3,lptG-coding-EcoliBL21DE3_853_894_+,285,298,14,-2.973516571,0.049031268,hydrophobic,stable,neutral,1.0,0.0,0.0,C-terminal,-0.9830803783942718
63,323.5,315.5,323.5,-1.983483592,lptG-coding-EcoliBL21DE3,lptG-coding-EcoliBL21DE3_949_990_+,317,330,14,-1.983483592,0.044204508,hydrophobic,stable,negative,1.0,0.0,0.0,C-terminal,-0.9830803783942718
64,19.5,15.5,31.5,-7.2117175,rpIL-coding-EcoliBL21DE3,rpIL-coding-EcoliBL21DE3_13_102_+,5,34,30,-7.2117175,0.994834938,hydrophobic,unstable,negative,1.0,1.0,0.0,N-terminal,-1.6236422706471076
65,25.5,25.5,25.5,-2.917979666,rpoB-coding-EcoliBL21DE3,rpoB-coding-EcoliBL21DE3_31_120_+,11,40,30,-2.917979666,0.421490398,hydrophilic,unstable,neutral,1.0,0.0,0.0,N-terminal,-2.635581512293754
66,47.5,47.5,47.5,-2.643177117,rpoB-coding-EcoliBL21DE3,rpoB-coding-EcoliBL21DE3_97_186_+,33,62,30,-2.643177117,2.435822275,hydrophilic,unstable,negative,1.0,1.0,1.0,N-terminal,-2.635581512293754
67,132.5,132.5,132.5,-3.480327033,rpoB-coding-EcoliBL21DE3,rpoB-coding-EcoliBL21DE3_352_441_+,118,147,30,-3.480327033,0.957241121,hydrophilic,stable,negative,0.0,1.0,0.0,N-terminal,-2.635581512293754
68,181.5,174.5,197.5,-7.636421052,rpoB-coding-EcoliBL21DE3,rpoB-coding-EcoliBL21DE3_499_588_+,167,196,30,-7.636421052,1.312845191,hydrophilic,stable,neutral,0.0,1.0,0.0,N-terminal,-2.635581512293754
69,210.5,199.5,222.5,-9.291673402,rpoB-coding-EcoliBL21DE3,rpoB-coding-EcoliBL21DE3_586_675_+,196,225,30,-9.291673402,0.58485495,hydrophobic,unstable,positive,1.0,1.0,0.0,N-terminal,-2.635581512293754
70,223.5,223.5,231.5,-8.400623406,rpoB-coding-EcoliBL21DE3,rpoB-coding-EcoliBL21DE3_625_714_+,209,238,30,-8.400623406,0.244011343,hydrophobic,unstable,neutral,1.0,1.0,0.0,N-terminal,-2.635581512293754
71,277.5,277.5,277.5,-3.520768112,rpoB-coding-EcoliBL21DE3,rpoB-coding-EcoliBL21DE3_787_876_+,263,292,30,-3.520768112,1.134558831,hydrophilic,unstable,positive,1.0,1.0,0.0,N-terminal,-2.635581512293754
72,297.5,295.5,297.5,-3.867477523,rpoB-coding-EcoliBL21DE3,rpoB-coding-EcoliBL21DE3_847_936_+,283,312,30,-3.867477523,1.679425061,hydrophobic,stable,negative,1.0,1.0,1.0,N-terminal,-2.635581512293754
73,310.5,308.5,310.5,-3.312567906,rpoB-coding-EcoliBL21DE3,rpoB-coding-EcoliBL21DE3_886_975_+,296,325,30,-3.312567906,0.410605107,hydrophobic,stable,negative,1.0,1.0,1.0,N-terminal,-2.635581512293754
74,324.5,324.5,324.5,-3.536077022,rpoB-coding-EcoliBL21DE3,rpoB-coding-EcoliBL21DE3_928_1017_+,310,339,30,-3.536077022,1.908330214,hydrophobic,unstable,neutral,1.0,1.0,1.0,N-terminal,-2.635581512293754
75,374.5,371.5,376.5,-5.8621363,rpoB-coding-EcoliBL21DE3,rpoB-coding-EcoliBL21DE3_1078_1167_+,360,389,30,-5.8621363,0.884899384,hydrophilic,unstable,negative,1.0,1.0,0.0,N-terminal,-2.635581512293754
76,420.5,414.5,433.5,-7.166321939,rpoB-coding-EcoliBL21DE3,rpoB-coding-EcoliBL21DE3_1216_1305_+,406,435,30,-7.166321939,1.541330158,hydrophilic,unstable,negative,1.0,0.0,1.0,N-terminal,-2.635581512293754
77,438.5,438.5,438.5,-2.704790916,rpoB-coding-EcoliBL21DE3,rpoB-coding-EcoliBL21DE3_1270_1359_+,424,453,30,-2.704790916,0.385931515,hydrophilic,stable,neutral,1.0,1.0,1.0,N-terminal,-2.635581512293754
78,478.5,477.5,479.5,-3.401037952,rpoB-coding-EcoliBL21DE3,rpoB-coding-EcoliBL21DE3_1390_1479_+,464,493,30,-3.401037952,0.484286185,hydrophobic,stable,neutral,1.0,1.0,1.0,central,-2.635581512293754
79,500.5,500.5,500.5,-2.914871759,rpoB-coding-EcoliBL21DE3,rpoB-coding-EcoliBL21DE3_1456_1545_+,486,515,30,-2.914871759,0.426407401,hydrophobic,unstable,neutral,1.0,1.0,1.0,central,-2.635581512293754
80,806.5,806.5,817.5,-3.965665346,rpoB-coding-EcoliBL21DE3,rpoB-coding-EcoliBL21DE3_2374_2463_+,792,821,30,-3.965665346,0.857539995,hydrophilic,stable,negative,1.0,1.0,1.0,central,-2.635581512293754
81,879.5,879.5,879.5,-2.785807768,rpoB-coding-EcoliBL21DE3,rpoB-coding-EcoliBL21DE3_2593_2682_+,865,894,30,-2.785807768,1.787177894,hydrophobic,stable,negative,1.0,1.0,0.0,central,-2.635581512293754
82,893.5,893.5,893.5,-3.334035442,rpoB-coding-EcoliBL21DE3,rpoB-coding-EcoliBL21DE3_2635_2724_+,879,908,30,-3.334035442,1.736933511,hydrophilic,stable,neutral,1.0,1.0,0.0,central,-2.635581512293754
83,971.5,966.5,975.5,-5.412706761,rpoB-coding-EcoliBL21DE3,rpoB-coding-EcoliBL21DE3_2869_2958_+,957,986,30,-5.412706761,1.976990349,hydrophobic,unstable,neutral,1.0,1.0,0.0,C-terminal,-2.635581512293754
84,986.5,983.5,986.5,-3.87921435,rpoB-coding-EcoliBL21DE3,rpoB-coding-EcoliBL21DE3_2914_3003_+,972,1001,30,-3.87921435,0.169220873,hydrophilic,stable,positive,1.0,1.0,1.0,C-terminal,-2.635581512293754
85,1041.5,1041.5,1046.5,-3.474962242,rpoB-coding-EcoliBL21DE3,rpoB-coding-EcoliBL21DE3_3079_3168_+,1027,1056,30,-3.474962242,1.069933725,hydrophilic,stable,positive,1.0,1.0,0.0,C-terminal,-2.635581512293754
86,1060.5,1060.5,1061.5,-3.453852719,rpoB-coding-EcoliBL21DE3,rpoB-coding-EcoliBL21DE3_3136_3225_+,1046,1075,30,-3.453852719,0.220092022,hydrophilic,unstable,positive,0.0,1.0,0.0,C-terminal,-2.635581512293754
87,1086.5,1086.5,1089.5,-5.753692011,rpoB-coding-EcoliBL21DE3,rpoB-coding-EcoliBL21DE3_3214_3303_+,1072,1101,30,-5.753692011,1.224908412,hydrophilic,unstable,negative,1.0,1.0,0.0,C-terminal,-2.635581512293754
88,1124.5,1124.5,1124.5,-3.375975349,rpoB-coding-EcoliBL21DE3,rpoB-coding-EcoliBL21DE3_3328_3417_+,1110,1139,30,-3.375975349,0.779202292,hydrophilic,stable,neutral,1.0,0.0,0.0,C-terminal,-2.635581512293754
89,1152.5,1135.5,1154.5,-7.402653953,rpoB-coding-EcoliBL21DE3,rpoB-coding-EcoliBL21DE3_3412_3501_+,1138,1167,30,-7.402653953,1.116670333,hydrophilic,stable,neutral,1.0,1.0,0.0,C-terminal,-2.635581512293754
90,1161.5,1161.5,1161.5,-2.987547503,rpoB-coding-EcoliBL21DE3,rpoB-coding-EcoliBL21DE3_3439_3528_+,1147,1176,30,-2.987547503,1.830561275,hydrophilic,stable,negative,1.0,1.0,0.0,C-terminal,-2.635581512293754
91,1171.5,1170.5,1173.5,-3.210288345,rpoB-coding-EcoliBL21DE3,rpoB-coding-EcoliBL21DE3_3469_3558_+,1157,1186,30,-3.210288345,0.318963361,hydrophilic,stable,neutral,1.0,1.0,1.0,C-terminal,-2.635581512293754
92,1278.5,1276.5,1285.5,-4.55627501,rpoB-coding-EcoliBL21DE3,rpoB-coding-EcoliBL21DE3_3790_3879_+,1264,1293,30,-4.55627501,0.540079855,hydrophobic,stable,negative,1.0,1.0,1.0,C-terminal,-2.635581512293754
93,66.5,57.5,69.5,-7.315548623,ssb-coding-EcoliBL21DE3,ssb-coding-EcoliBL21DE3_154_243_+,52,81,30,-7.315548623,1.19425563,hydrophilic,stable,neutral,1.0,1.0,0.0,central,-1.9813524883159794
94,94.5,94.5,94.5,-2.677513733,ssb-coding-EcoliBL21DE3,ssb-coding-EcoliBL21DE3_238_327_+,80,109,30,-2.677513733,1.439469061,hydrophilic,unstable,neutral,0.0,1.0,0.0,central,-1.9813524883159794
